Total,1,2,3,4,5,6,7,8,9,10
2,0.07,0.0575,1.05,1.0425,1.04,1.0325,1.0375,1.03,0.06,1.035
10,0.07,0.0575,1.05,1.0425,1.04,1.0325,1.0375,1.03,1.06,1.035
1,0.07,0.1275,1.05,1.0425,1.04,1.0325,1.0375,1.03,1.06,1.035
1,0.07,0.4875,1.05,1.0425,1.04,1.0325,1.0375,1.03,1.06,1.035
1,0.07,0.9175,1.05,1.0425,1.04,1.0325,1.0375,1.03,0.06,1.035
6,0.07,1.0575,0.05,1.0425,1.04,1.0325,1.0375,1.03,1.06,1.035
1,0.07,1.0575,0.52,1.0425,1.04,1.0325,1.0375,1.03,1.06,1.035
1,0.07,1.0575,0.68,1.0425,1.04,1.0325,1.0375,1.03,0.06,1.035
1,0.07,1.0575,0.84,1.0425,1.04,1.0325,1.0375,1.03,1.06,1.035
3,0.07,1.0575,1.05,0.0425,1.04,1.0325,1.0375,1.03,1.06,1.035
1,0.07,1.0575,1.05,0.0525,1.04,1.0325,1.0375,1.03,1.06,1.035
1,0.07,1.0575,1.05,0.1125,1.04,1.0325,1.0375,1.03,1.06,1.035
1,0.07,1.0575,1.05,0.4425,1.04,1.0325,1.0375,1.03,1.06,1.035
1,0.07,1.0575,1.05,0.7325,1.04,1.0325,1.0375,1.03,1.06,1.035
1,0.07,1.0575,1.05,1.0425,0.04,1.0325,0.1775,1.03,1.06,1.035
2,0.07,1.0575,1.05,1.0425,0.04,1.0325,1.0375,1.03,0.06,1.035
6,0.07,1.0575,1.05,1.0425,0.04,1.0325,1.0375,1.03,1.06,1.035
1,0.07,1.0575,1.05,1.0425,0.92,1.0325,1.0375,1.03,1.06,1.035
1,0.07,1.0575,1.05,1.0425,1.04,0.0325,1.0375,1.03,1.06,1.035
3,0.07,1.0575,1.05,1.0425,1.04,1.0325,0.0375,1.03,1.06,1.035
1,0.07,1.0575,1.05,1.0425,1.04,1.0325,1.0375,0.03,1.06,0.225
3,0.07,1.0575,1.05,1.0425,1.04,1.0325,1.0375,0.03,1.06,1.035
1,0.07,1.0575,1.05,1.0425,1.04,1.0325,1.0375,0.34,1.06,1.035
1,0.07,1.0575,1.05,1.0425,1.04,1.0325,1.0375,0.37,1.06,1.035
5,0.07,1.0575,1.05,1.0425,1.04,1.0325,1.0375,1.03,0.06,1.035
1,0.07,1.0575,1.05,1.0425,1.04,1.0325,1.0375,1.03,0.41,1.035
1,0.07,1.0575,1.05,1.0425,1.04,1.0325,1.0375,1.03,0.535,1.035
1,0.07,1.0575,1.05,1.0425,1.04,1.0325,1.0375,1.03,0.64,1.035
1,0.07,1.0575,1.05,1.0425,1.04,1.0325,1.0375,1.03,0.76,1.035
1,0.07,1.0575,1.05,1.0425,1.04,1.0325,1.0375,1.03,0.92,1.035
1,0.07,1.0575,1.05,1.0425,1.04,1.0325,1.0375,1.03,0.965,1.035
1,0.07,1.0575,1.05,1.0425,1.04,1.0325,1.0375,1.03,0.985,1.035
5,0.07,1.0575,1.05,1.0425,1.04,1.0325,1.0375,1.03,1.06,0.035
1,0.07,1.0575,1.05,1.0425,1.04,1.0325,1.0375,1.03,1.06,0.385
1,0.07,1.0575,1.05,1.0425,1.04,1.0325,1.0375,1.03,1.06,0.495
291,0.07,1.0575,1.05,1.0425,1.04,1.0325,1.0375,1.03,1.06,1.035
1,0.075,1.0575,0.05,0.5425,1.04,1.0325,1.0375,1.03,1.06,1.035
2,0.085,1.0575,1.05,1.0425,1.04,1.0325,1.0375,1.03,1.06,1.035
1,0.095,1.0575,1.05,1.0425,1.04,1.0325,1.0375,1.03,1.06,1.035
1,0.105,1.0575,1.05,1.0425,1.04,1.0325,1.0375,1.03,1.06,1.035
1,0.11,1.0575,1.05,1.0425,1.04,1.0325,1.0375,1.03,1.06,1.035
1,0.115,1.0575,1.05,1.0425,1.04,1.0325,1.0375,1.03,1.06,1.035
1,0.12,1.0575,0.05,0.0425,1.04,1.0325,1.0375,1.03,1.06,1.035
1,0.12,1.0575,1.05,1.0425,1.04,1.0325,1.0375,1.03,1.06,1.035
2,0.125,1.0575,1.05,1.0425,1.04,1.0325,1.0375,1.03,1.06,1.035
1,0.135,1.0575,1.05,1.0425,0.04,1.0325,1.0375,1.03,1.06,1.035
1,0.14,1.0575,0.41,1.0425,1.04,1.0325,1.0375,1.03,1.06,1.035
1,0.14,1.0575,1.05,1.0425,1.04,1.0325,1.0375,1.03,0.06,1.035
1,0.14,1.0575,1.05,1.0425,1.04,1.0325,1.0375,1.03,1.06,1.035
1,0.145,1.0575,1.05,1.0425,1.04,1.0325,0.0375,1.03,1.06,1.035
2,0.145,1.0575,1.05,1.0425,1.04,1.0325,1.0375,1.03,1.06,1.035
2,0.155,1.0575,1.05,1.0425,1.04,1.0325,1.0375,1.03,1.06,1.035
3,0.165,1.0575,1.05,1.0425,1.04,1.0325,1.0375,1.03,1.06,1.035
1,0.175,1.0575,1.05,1.0425,1.04,1.0325,1.0375,1.03,1.06,0.035
1,0.175,1.0575,1.05,1.0425,1.04,1.0325,1.0375,1.03,1.06,1.035
1,0.18,1.0575,1.05,1.0425,1.04,1.0325,1.0375,1.03,1.06,0.035
1,0.19,1.0575,1.05,1.0425,1.04,1.0325,1.0375,1.03,1.06,1.035
1,0.195,1.0575,1.05,1.0425,1.04,1.0325,1.0375,1.03,1.06,1.035
2,0.205,1.0575,1.05,1.0425,1.04,1.0325,1.0375,1.03,1.06,1.035
1,0.21,1.0575,1.05,1.0425,1.04,0.8525,1.0375,1.03,1.06,1.035
1,0.24,1.0575,1.05,1.0425,1.04,1.0325,1.0375,1.03,1.06,1.035
2,0.265,1.0575,1.05,1.0425,1.04,1.0325,1.0375,1.03,1.06,1.035
1,0.275,1.0575,1.05,1.0425,1.04,0.1925,1.0375,1.03,1.06,1.035
1,0.28,1.0575,1.05,1.0425,1.04,1.0325,1.0375,1.03,0.06,1.035
1,0.285,1.0575,1.05,1.0425,1.04,1.0325,1.0375,1.03,1.06,1.035
2,0.295,1.0575,1.05,1.0425,1.04,1.0325,1.0375,1.03,1.06,1.035
2,0.3,1.0575,1.05,1.0425,1.04,1.0325,1.0375,1.03,1.06,1.035
3,0.315,1.0575,1.05,1.0425,1.04,1.0325,1.0375,1.03,1.06,1.035
1,0.33,1.0575,1.05,1.0425,1.04,1.0325,1.0375,1.03,1.06,1.035
1,0.335,1.0575,1.05,1.0425,1.04,0.0325,1.0375,1.03,1.06,1.035
1,0.34,1.0575,1.05,1.0425,1.04,1.0325,0.6275,1.03,1.06,1.035
1,0.34,1.0575,1.05,1.0425,1.04,1.0325,1.0375,1.03,1.06,1.035
1,0.355,1.0575,1.05,1.0425,1.04,1.0325,1.0375,1.03,1.06,1.035
2,0.36,1.0575,1.05,1.0425,1.04,1.0325,1.0375,1.03,1.06,1.035
1,0.365,0.0575,1.05,1.0425,1.04,1.0325,1.0375,1.03,1.06,1.035
1,0.365,1.0575,1.05,1.0425,1.04,1.0325,1.0375,1.03,1.06,1.035
2,0.37,1.0575,1.05,1.0425,1.04,1.0325,1.0375,1.03,1.06,1.035
2,0.375,1.0575,1.05,1.0425,1.04,1.0325,1.0375,1.03,1.06,1.035
1,0.38,1.0575,1.05,1.0425,1.04,1.0325,1.0375,1.03,1.06,1.035
1,0.39,1.0575,1.05,1.0425,1.04,1.0325,1.0375,1.03,1.06,1.035
1,0.4,1.0575,0.97,0.0425,1.04,1.0325,1.0375,1.03,1.06,1.035
1,0.4,1.0575,1.05,1.0425,1.04,1.0325,1.0375,1.03,1.06,0.035
1,0.405,1.0575,1.05,1.0425,1.04,1.0325,1.0375,1.03,1.06,1.035
1,0.42,1.0575,1.05,1.0425,1.04,1.0325,1.0375,1.03,1.06,1.035
1,0.425,1.0575,0.56,1.0425,1.04,1.0325,1.0375,1.03,1.06,1.035
1,0.425,1.0575,1.05,1.0425,1.04,1.0325,1.0375,1.03,1.06,1.035
1,0.43,1.0575,1.05,1.0425,1.04,1.0325,1.0375,1.03,0.06,0.035
1,0.43,1.0575,1.05,1.0425,1.04,1.0325,1.0375,1.03,1.06,1.035
1,0.435,1.0575,1.05,1.0425,1.04,1.0325,1.0375,1.03,1.06,1.035
2,0.44,1.0575,1.05,1.0425,1.04,1.0325,1.0375,1.03,1.06,1.035
2,0.445,1.0575,1.05,1.0425,1.04,1.0325,1.0375,1.03,1.06,1.035
1,0.45,1.0575,1.05,1.0425,1.04,1.0325,1.0375,1.03,1.06,1.035
1,0.455,1.0575,1.05,1.0425,1.04,1.0325,1.0375,1.03,1.06,1.035
1,0.46,1.0575,1.05,1.0425,1.04,1.0325,1.0375,1.03,0.06,1.035
1,0.46,1.0575,1.05,1.0425,1.04,1.0325,1.0375,1.03,1.06,1.035
1,0.47,1.0575,1.05,1.0425,1.04,1.0325,1.0375,1.03,1.06,1.035
1,0.475,0.4175,1.05,1.0425,1.04,1.0325,1.0375,1.03,1.06,1.035
1,0.48,1.0575,1.05,1.0425,1.04,1.0325,1.0375,1.03,1.06,1.035
4,0.485,1.0575,1.05,1.0425,1.04,1.0325,1.0375,1.03,1.06,1.035
1,0.495,1.0575,1.05,1.0425,1.04,1.0325,1.0375,1.03,1.06,1.035
3,0.505,1.0575,1.05,1.0425,1.04,1.0325,1.0375,1.03,1.06,1.035
2,0.515,1.0575,1.05,1.0425,1.04,1.0325,1.0375,1.03,1.06,1.035
1,0.53,1.0575,1.05,1.0425,1.04,1.0325,1.0375,1.03,1.06,1.035
1,0.535,1.0575,1.05,1.0425,1.04,1.0325,1.0375,1.03,1.06,1.035
1,0.54,1.0575,1.05,1.0425,1.04,1.0325,1.0375,1.03,1.06,1.035
1,0.545,1.0575,1.05,1.0425,1.04,1.0325,1.0375,1.03,1.06,1.035
1,0.555,1.0575,1.05,1.0425,1.04,1.0325,0.6075,1.03,1.06,1.035
1,0.555,1.0575,1.05,1.0425,1.04,1.0325,1.0375,0.4,1.06,1.035
1,0.565,1.0575,1.05,1.0425,1.04,1.0325,1.0375,1.03,1.06,1.035
1,0.58,1.0575,1.05,1.0425,1.04,1.0325,1.0375,1.03,0.06,1.035
2,0.585,1.0575,1.05,1.0425,1.04,1.0325,1.0375,1.03,1.06,1.035
1,0.595,1.0575,1.05,1.0425,1.04,1.0325,1.0375,1.03,1.06,1.035
1,0.6,1.0575,1.05,1.0425,1.04,1.0325,0.3975,1.03,1.06,1.035
2,0.6,1.0575,1.05,1.0425,1.04,1.0325,1.0375,1.03,1.06,1.035
1,0.605,1.0575,0.05,1.0425,1.04,1.0325,1.0375,1.03,1.06,1.035
2,0.605,1.0575,1.05,1.0425,1.04,1.0325,1.0375,1.03,1.06,1.035
2,0.61,1.0575,1.05,1.0425,1.04,1.0325,1.0375,1.03,1.06,1.035
1,0.635,1.0575,1.05,1.0425,1.04,1.0325,1.0375,1.03,1.06,1.035
1,0.645,0.0575,1.05,1.0425,1.04,1.0325,1.0375,1.03,1.06,1.035
1,0.645,1.0575,1.05,1.0425,1.04,1.0325,1.0375,1.03,1.06,1.035
1,0.65,1.0575,1.05,0.0725,1.04,1.0325,0.0375,1.03,1.06,1.035
1,0.65,1.0575,1.05,1.0425,1.04,1.0325,1.0375,1.03,1.06,1.035
1,0.655,0.0575,1.05,1.0425,1.04,1.0325,0.0375,1.03,1.06,1.035
1,0.655,1.0575,1.05,1.0425,1.04,1.0325,1.0375,1.03,1.06,1.035
1,0.66,1.0575,1.05,0.9125,1.04,1.0325,1.0375,1.03,1.06,1.035
1,0.665,0.0975,1.05,1.0425,1.04,1.0325,1.0375,1.03,1.06,1.035
1,0.67,1.0575,1.05,1.0425,1.04,1.0325,1.0375,1.03,1.06,1.035
1,0.68,1.0575,1.05,0.5525,1.04,1.0325,1.0375,1.03,1.06,1.035
2,0.68,1.0575,1.05,1.0425,1.04,1.0325,1.0375,1.03,1.06,1.035
1,0.71,1.0575,1.05,1.0425,1.04,1.0325,1.0375,1.03,1.06,1.035
2,0.725,1.0575,1.05,1.0425,1.04,1.0325,1.0375,1.03,1.06,1.035
2,0.735,1.0575,1.05,1.0425,1.04,1.0325,1.0375,1.03,1.06,1.035
1,0.755,1.0575,1.05,1.0425,1.04,1.0325,1.0375,1.03,1.06,1.035
1,0.765,1.0575,1.05,1.0425,1.04,1.0325,1.0375,1.03,1.06,1.035
1,0.775,1.0575,1.05,1.0425,1.04,1.0325,1.0375,1.03,1.06,1.035
1,0.785,1.0575,1.05,1.0425,1.04,1.0325,1.0375,1.03,1.06,1.035
1,0.795,1.0575,1.05,1.0425,1.04,1.0325,1.0375,1.03,1.06,1.035
2,0.81,1.0575,1.05,1.0425,1.04,1.0325,1.0375,1.03,1.06,1.035
1,0.825,1.0575,1.05,1.0425,1.04,1.0325,1.0375,1.03,1.06,1.035
1,0.83,1.0575,1.05,1.0425,1.04,1.0325,1.0375,1.03,1.06,1.035
1,0.835,1.0575,1.05,1.0425,1.04,1.0325,1.0375,1.03,1.06,1.035
2,0.84,1.0575,1.05,1.0425,1.04,1.0325,1.0375,1.03,1.06,1.035
1,0.845,1.0575,1.05,1.0425,1.04,1.0325,1.0375,1.03,1.06,1.035
3,0.855,1.0575,1.05,1.0425,1.04,1.0325,1.0375,1.03,1.06,1.035
2,0.86,1.0575,1.05,1.0425,1.04,1.0325,1.0375,1.03,1.06,1.035
1,0.865,1.0575,1.05,1.0425,1.04,1.0325,1.0375,1.03,1.06,1.035
1,0.87,1.0575,1.05,1.0425,1.04,1.0325,1.0375,1.03,1.06,1.035
1,0.875,1.0575,1.05,1.0425,1.04,1.0325,1.0375,1.03,1.06,1.035
1,0.88,1.0575,1.05,1.0425,1.04,1.0325,1.0375,1.03,1.06,0.035
1,0.91,1.0575,0.05,1.0425,1.04,1.0325,1.0375,1.03,1.06,1.035
1,0.915,1.0575,1.05,1.0425,1.04,1.0325,1.0375,1.03,1.06,1.035
1,0.92,1.0575,1.05,0.0425,1.04,1.0325,1.0375,1.03,1.06,1.035
2,0.92,1.0575,1.05,1.0425,1.04,1.0325,1.0375,1.03,1.06,1.035
1,0.925,1.0575,1.05,1.0425,1.04,1.0325,0.0375,1.03,1.06,1.035
1,0.925,1.0575,1.05,1.0425,1.04,1.0325,1.0375,1.03,1.06,1.035
1,0.93,1.0575,0.05,1.0425,1.04,1.0325,1.0375,1.03,1.06,1.035
1,0.93,1.0575,1.05,1.0425,1.04,1.0325,0.3275,1.03,1.06,1.035
2,0.93,1.0575,1.05,1.0425,1.04,1.0325,1.0375,1.03,1.06,1.035
1,0.935,1.0575,1.05,1.0425,1.04,1.0325,1.0375,1.03,1.06,1.035
1,0.94,1.0575,1.05,1.0425,1.04,1.0325,1.0375,1.03,1.06,1.035
1,0.945,1.0575,1.05,1.0425,1.04,1.0325,1.0375,1.03,1.06,1.035
2,0.96,1.0575,1.05,1.0425,1.04,1.0325,1.0375,1.03,1.06,1.035
1,0.965,1.0575,1.05,1.0425,1.04,1.0325,1.0375,1.03,1.06,0.035
4,0.965,1.0575,1.05,1.0425,1.04,1.0325,1.0375,1.03,1.06,1.035
1,0.975,1.0575,1.05,1.0425,1.04,1.0325,1.0375,1.03,0.91,1.035
1,0.975,1.0575,1.05,1.0425,1.04,1.0325,1.0375,1.03,1.06,1.035
2,0.985,1.0575,1.05,1.0425,1.04,1.0325,1.0375,1.03,1.06,1.035
1,0.99,1.0575,0.05,1.0425,1.04,1.0325,1.0375,1.03,1.06,1.035
1,0.99,1.0575,1.05,1.0425,1.04,1.0325,1.0375,1.03,1.06,1.035
1,0.995,1.0575,1.05,1.0425,1.04,1.0325,1.0375,0.03,1.06,1.035
1,1,1.0575,1.05,1.0425,1.04,1.0325,1.0375,1.03,1.06,1.035
3,1.01,1.0575,1.05,1.0425,1.04,1.0325,1.0375,1.03,1.06,1.035
1,1.015,1.0575,1.05,1.0425,1.04,1.0325,1.0375,1.03,1.06,1.035
1,1.02,1.0575,1.05,1.0425,1.04,1.0325,1.0375,1.03,1.06,1.035
1,1.025,1.0575,1.05,1.0425,1.04,1.0325,0.7575,1.03,1.06,1.035
1,1.04,1.0575,1.05,1.0425,1.04,1.0325,1.0375,1.03,1.06,1.035
1,1.045,1.0575,1.05,1.0425,1.04,1.0325,1.0375,1.03,1.06,1.035
3,1.055,1.0575,1.05,1.0425,1.04,1.0325,1.0375,1.03,1.06,1.035
1,1.06,1.0575,0.34,1.0425,1.04,1.0325,1.0375,1.03,1.06,1.035
1,1.065,1.0575,1.05,1.0425,1.04,1.0325,1.0375,1.03,1.06,1.035
2,1.07,0.0575,0.05,1.0425,1.04,1.0325,1.0375,1.03,1.06,1.035
1,1.07,0.0575,0.07,1.0425,1.04,1.0325,1.0375,1.03,1.06,1.035
3,1.07,0.0575,1.05,0.0425,1.04,1.0325,1.0375,1.03,1.06,1.035
1,1.07,0.0575,1.05,1.0425,0.04,1.0325,1.0375,1.03,0.06,1.035
3,1.07,0.0575,1.05,1.0425,0.04,1.0325,1.0375,1.03,1.06,1.035
1,1.07,0.0575,1.05,1.0425,0.86,1.0325,1.0375,1.03,1.06,1.035
1,1.07,0.0575,1.05,1.0425,1.04,0.0325,1.0375,1.03,1.06,0.035
2,1.07,0.0575,1.05,1.0425,1.04,0.0325,1.0375,1.03,1.06,1.035
1,1.07,0.0575,1.05,1.0425,1.04,0.5925,1.0375,1.03,1.06,1.035
3,1.07,0.0575,1.05,1.0425,1.04,1.0325,0.0375,1.03,1.06,1.035
1,1.07,0.0575,1.05,1.0425,1.04,1.0325,0.6075,1.03,1.06,1.035
1,1.07,0.0575,1.05,1.0425,1.04,1.0325,0.6675,1.03,1.06,1.035
1,1.07,0.0575,1.05,1.0425,1.04,1.0325,0.7975,1.03,1.06,1.035
1,1.07,0.0575,1.05,1.0425,1.04,1.0325,1.0375,0.32,1.06,1.035
1,1.07,0.0575,1.05,1.0425,1.04,1.0325,1.0375,0.99,1.06,1.035
10,1.07,0.0575,1.05,1.0425,1.04,1.0325,1.0375,1.03,0.06,1.035
1,1.07,0.0575,1.05,1.0425,1.04,1.0325,1.0375,1.03,0.065,1.035
1,1.07,0.0575,1.05,1.0425,1.04,1.0325,1.0375,1.03,0.14,1.035
1,1.07,0.0575,1.05,1.0425,1.04,1.0325,1.0375,1.03,0.485,1.035
1,1.07,0.0575,1.05,1.0425,1.04,1.0325,1.0375,1.03,0.515,1.035
1,1.07,0.0575,1.05,1.0425,1.04,1.0325,1.0375,1.03,0.65,1.035
1,1.07,0.0575,1.05,1.0425,1.04,1.0325,1.0375,1.03,0.73,1.035
1,1.07,0.0575,1.05,1.0425,1.04,1.0325,1.0375,1.03,0.745,1.035
1,1.07,0.0575,1.05,1.0425,1.04,1.0325,1.0375,1.03,0.835,1.035
1,1.07,0.0575,1.05,1.0425,1.04,1.0325,1.0375,1.03,0.95,1.035
1,1.07,0.0575,1.05,1.0425,1.04,1.0325,1.0375,1.03,0.965,1.035
1,1.07,0.0575,1.05,1.0425,1.04,1.0325,1.0375,1.03,1.015,1.035
4,1.07,0.0575,1.05,1.0425,1.04,1.0325,1.0375,1.03,1.06,0.035
1,1.07,0.0575,1.05,1.0425,1.04,1.0325,1.0375,1.03,1.06,0.935
191,1.07,0.0575,1.05,1.0425,1.04,1.0325,1.0375,1.03,1.06,1.035
1,1.07,0.1175,1.05,1.0425,1.04,1.0325,1.0375,1.03,1.06,1.035
2,1.07,0.1275,1.05,1.0425,1.04,1.0325,1.0375,1.03,1.06,1.035
1,1.07,0.1575,1.05,0.0425,1.04,1.0325,1.0375,1.03,1.06,1.035
1,1.07,0.1575,1.05,1.0425,0.54,1.0325,1.0375,1.03,1.06,1.035
1,1.07,0.1575,1.05,1.0425,1.04,1.0325,1.0375,1.03,1.06,1.035
1,1.07,0.1675,1.05,1.0425,1.04,1.0325,1.0375,1.03,1.06,1.035
1,1.07,0.1875,1.05,1.0425,1.04,1.0325,1.0375,1.03,1.06,1.035
1,1.07,0.1975,0.05,1.0425,1.04,1.0325,1.0375,1.03,1.06,1.035
2,1.07,0.1975,1.05,1.0425,1.04,1.0325,1.0375,1.03,1.06,1.035
1,1.07,0.2075,1.05,1.0425,1.04,1.0325,1.0375,1.03,1.06,1.035
1,1.07,0.2175,1.05,1.0425,1.04,1.0325,0.6575,1.03,1.06,1.035
2,1.07,0.2175,1.05,1.0425,1.04,1.0325,1.0375,1.03,1.06,1.035
1,1.07,0.2375,1.05,1.0425,1.04,1.0325,1.0375,1.03,1.06,1.035
1,1.07,0.2575,1.05,1.0425,1.04,1.0325,1.0375,1.03,0.06,1.035
1,1.07,0.2875,1.05,1.0425,1.04,1.0325,1.0375,1.03,0.32,1.035
2,1.07,0.3175,1.05,1.0425,1.04,1.0325,1.0375,1.03,1.06,1.035
1,1.07,0.3275,1.05,1.0425,1.04,1.0325,1.0375,1.03,1.06,1.035
1,1.07,0.3375,1.05,1.0425,1.04,1.0325,1.0375,1.03,1.06,1.035
1,1.07,0.3575,1.05,1.0425,0.04,1.0325,1.0375,1.03,1.06,1.035
1,1.07,0.3875,1.05,1.0425,1.04,1.0325,1.0375,1.03,1.06,1.035
1,1.07,0.3975,1.05,1.0425,1.04,1.0325,1.0375,1.03,1.06,0.035
1,1.07,0.3975,1.05,1.0425,1.04,1.0325,1.0375,1.03,1.06,1.035
1,1.07,0.4175,1.05,1.0425,1.04,1.0325,1.0375,1.03,1.06,0.155
1,1.07,0.4175,1.05,1.0425,1.04,1.0325,1.0375,1.03,1.06,1.035
1,1.07,0.4275,1.05,1.0425,1.04,1.0325,1.0375,1.03,1.06,1.035
1,1.07,0.4375,1.05,1.0425,1.04,1.0325,1.0375,1.03,1.06,1.035
3,1.07,0.4475,1.05,1.0425,1.04,1.0325,1.0375,1.03,1.06,1.035
1,1.07,0.4675,1.05,1.0425,1.04,1.0325,1.0375,1.03,1.06,1.035
1,1.07,0.4975,1.05,1.0425,1.04,1.0325,1.0375,1.03,1.06,1.035
2,1.07,0.5075,1.05,1.0425,1.04,1.0325,1.0375,1.03,1.06,1.035
1,1.07,0.5275,1.05,1.0425,0.99,1.0325,1.0375,1.03,1.06,1.035
1,1.07,0.5375,1.05,1.0425,1.04,1.0325,0.0375,1.03,1.06,1.035
1,1.07,0.5475,1.05,1.0425,1.04,1.0325,1.0375,1.03,1.06,1.035
2,1.07,0.5575,1.05,1.0425,1.04,1.0325,1.0375,1.03,1.06,1.035
1,1.07,0.5675,1.05,1.0425,1.04,1.0325,1.0375,1.03,1.06,1.035
1,1.07,0.5775,0.05,1.0425,1.04,1.0325,1.0375,1.03,1.06,1.035
1,1.07,0.5775,1.05,1.0425,1.04,0.4725,1.0375,1.03,1.06,1.035
2,1.07,0.5775,1.05,1.0425,1.04,1.0325,1.0375,1.03,1.06,1.035
1,1.07,0.5875,1.05,1.0425,1.04,1.0325,1.0375,1.03,1.06,1.035
1,1.07,0.5975,1.05,1.0425,1.04,1.0325,1.0375,1.03,1.06,1.035
1,1.07,0.6375,1.05,1.0425,1.04,1.0325,1.0375,1.03,1.06,1.035
1,1.07,0.6475,1.05,1.0425,1.04,1.0325,1.0375,1.03,1.06,1.035
1,1.07,0.6575,1.05,1.0425,1.04,1.0325,1.0375,1.03,1.06,1.035
1,1.07,0.6675,1.05,1.0425,1.04,1.0325,1.0375,1.03,1.06,1.035
3,1.07,0.6775,1.05,1.0425,1.04,1.0325,1.0375,1.03,1.06,1.035
2,1.07,0.6875,1.05,1.0425,1.04,1.0325,1.0375,1.03,1.06,1.035
1,1.07,0.7075,1.05,1.0425,1.04,1.0325,1.0375,1.03,0.06,1.035
3,1.07,0.7075,1.05,1.0425,1.04,1.0325,1.0375,1.03,1.06,1.035
1,1.07,0.7275,1.05,1.0425,1.04,1.0325,1.0375,1.03,1.06,1.035
1,1.07,0.7375,1.05,1.0425,1.04,1.0325,1.0375,1.03,1.06,1.035
1,1.07,0.7475,1.05,1.0425,0.04,1.0325,1.0375,1.03,1.06,1.035
1,1.07,0.7575,1.05,1.0425,1.04,1.0325,1.0375,1.03,0.34,1.035
1,1.07,0.7575,1.05,1.0425,1.04,1.0325,1.0375,1.03,1.06,1.035
1,1.07,0.7975,1.05,1.0425,1.04,1.0325,1.0375,1.03,1.06,1.035
1,1.07,0.8175,1.05,1.0425,1.04,1.0325,1.0375,1.03,1.06,1.035
2,1.07,0.8275,1.05,1.0425,1.04,1.0325,1.0375,1.03,1.06,1.035
2,1.07,0.8375,1.05,1.0425,1.04,1.0325,1.0375,1.03,1.06,1.035
3,1.07,0.8575,1.05,1.0425,1.04,1.0325,1.0375,1.03,1.06,1.035
1,1.07,0.8875,1.05,1.0425,1.04,0.7325,1.0375,1.03,1.06,1.035
1,1.07,0.8875,1.05,1.0425,1.04,1.0325,1.0375,0.03,1.06,1.035
1,1.07,0.8875,1.05,1.0425,1.04,1.0325,1.0375,1.03,0.06,1.035
1,1.07,0.8875,1.05,1.0425,1.04,1.0325,1.0375,1.03,1.06,0.865
1,1.07,0.9275,0.05,1.0425,1.04,1.0325,1.0375,1.03,1.06,1.035
1,1.07,0.9275,1.05,1.0425,1.04,1.0325,1.0375,1.03,1.06,1.035
1,1.07,0.9875,1.05,1.0425,1.04,1.0325,1.0375,1.03,1.06,1.035
1,1.07,1.0075,1.05,1.0425,1.04,1.0325,1.0375,1.03,1.06,1.035
1,1.07,1.0175,1.05,1.0425,1.04,1.0325,1.0375,1.03,1.06,1.035
2,1.07,1.0375,1.05,1.0425,1.04,1.0325,1.0375,1.03,1.06,1.035
1,1.07,1.0575,0.05,1.0225,1.04,1.0325,1.0375,1.03,0.245,1.035
1,1.07,1.0575,0.05,1.0425,0.54,1.0325,1.0375,1.03,1.06,1.035
1,1.07,1.0575,0.05,1.0425,1.04,0.0325,1.0375,1.03,1.06,1.035
1,1.07,1.0575,0.05,1.0425,1.04,0.3425,1.0375,1.03,1.06,1.035
5,1.07,1.0575,0.05,1.0425,1.04,1.0325,0.0375,1.03,1.06,1.035
1,1.07,1.0575,0.05,1.0425,1.04,1.0325,0.2075,1.03,1.06,1.035
1,1.07,1.0575,0.05,1.0425,1.04,1.0325,0.5275,1.03,1.06,1.035
1,1.07,1.0575,0.05,1.0425,1.04,1.0325,0.9675,1.03,1.06,1.035
1,1.07,1.0575,0.05,1.0425,1.04,1.0325,1.0375,0.43,1.06,1.035
3,1.07,1.0575,0.05,1.0425,1.04,1.0325,1.0375,1.03,0.06,1.035
1,1.07,1.0575,0.05,1.0425,1.04,1.0325,1.0375,1.03,0.54,1.035
3,1.07,1.0575,0.05,1.0425,1.04,1.0325,1.0375,1.03,1.06,0.035
107,1.07,1.0575,0.05,1.0425,1.04,1.0325,1.0375,1.03,1.06,1.035
1,1.07,1.0575,0.06,1.0425,1.04,1.0325,1.0375,1.03,1.06,0.585
4,1.07,1.0575,0.12,1.0425,1.04,1.0325,1.0375,1.03,1.06,1.035
2,1.07,1.0575,0.13,1.0425,1.04,1.0325,1.0375,1.03,1.06,1.035
1,1.07,1.0575,0.15,1.0425,1.04,1.0325,1.0375,1.03,1.06,1.035
1,1.07,1.0575,0.16,1.0425,1.04,1.0325,0.0375,1.03,1.06,1.035
1,1.07,1.0575,0.19,1.0425,1.04,1.0325,1.0375,1.03,1.06,1.035
2,1.07,1.0575,0.2,1.0425,1.04,1.0325,1.0375,1.03,1.06,1.035
1,1.07,1.0575,0.22,1.0425,1.04,1.0325,1.0375,1.03,0.06,1.035
2,1.07,1.0575,0.22,1.0425,1.04,1.0325,1.0375,1.03,1.06,1.035
4,1.07,1.0575,0.25,1.0425,1.04,1.0325,1.0375,1.03,1.06,1.035
1,1.07,1.0575,0.28,1.0425,1.04,1.0325,1.0375,1.03,1.06,1.035
1,1.07,1.0575,0.29,1.0425,1.04,1.0325,1.0375,1.03,0.365,1.035
1,1.07,1.0575,0.29,1.0425,1.04,1.0325,1.0375,1.03,1.06,1.035
1,1.07,1.0575,0.3,1.0425,1.04,1.0325,1.0375,1.03,1.06,1.035
1,1.07,1.0575,0.31,1.0425,1.04,1.0325,0.0375,1.03,1.06,1.035
1,1.07,1.0575,0.33,1.0425,1.04,1.0325,1.0375,1.03,1.06,1.035
2,1.07,1.0575,0.34,1.0425,1.04,1.0325,1.0375,1.03,1.06,1.035
1,1.07,1.0575,0.36,1.0425,1.04,1.0325,1.0375,1.03,1.06,1.035
1,1.07,1.0575,0.37,1.0425,1.04,1.0325,1.0375,1.03,1.06,1.035
2,1.07,1.0575,0.38,1.0425,1.04,1.0325,1.0375,1.03,1.06,1.035
2,1.07,1.0575,0.4,1.0425,1.04,1.0325,1.0375,1.03,1.06,1.035
1,1.07,1.0575,0.42,1.0425,1.04,1.0325,1.0375,1.03,1.06,1.035
1,1.07,1.0575,0.44,1.0425,1.04,1.0325,1.0375,1.03,1.06,1.035
2,1.07,1.0575,0.45,1.0425,1.04,1.0325,1.0375,1.03,1.06,1.035
1,1.07,1.0575,0.47,1.0425,1.04,1.0325,1.0375,1.03,1.06,0.035
1,1.07,1.0575,0.47,1.0425,1.04,1.0325,1.0375,1.03,1.06,1.035
1,1.07,1.0575,0.49,1.0425,1.04,1.0325,1.0375,1.03,1.06,1.035
1,1.07,1.0575,0.52,1.0425,1.04,1.0325,1.0375,1.03,1.06,1.035
1,1.07,1.0575,0.53,0.0425,0.04,1.0325,1.0375,1.03,1.06,1.035
1,1.07,1.0575,0.53,1.0425,1.04,1.0325,1.0375,1.03,1.06,1.035
1,1.07,1.0575,0.54,1.0425,1.04,1.0325,1.0375,1.03,1.06,1.035
1,1.07,1.0575,0.55,1.0425,1.04,1.0325,0.0375,1.03,1.06,1.035
2,1.07,1.0575,0.55,1.0425,1.04,1.0325,1.0375,1.03,1.06,1.035
1,1.07,1.0575,0.56,1.0425,1.04,1.0325,1.0375,1.03,1.06,1.035
1,1.07,1.0575,0.57,1.0425,1.04,1.0325,1.0375,1.03,1.06,1.035
1,1.07,1.0575,0.61,1.0425,1.04,1.0325,1.0375,1.03,1.06,1.035
1,1.07,1.0575,0.62,1.0425,1.04,1.0325,1.0375,1.03,1.06,1.035
1,1.07,1.0575,0.65,1.0425,1.04,1.0325,1.0375,1.03,1.06,1.035
1,1.07,1.0575,0.67,1.0425,1.04,1.0325,1.0375,1.03,1.06,1.035
1,1.07,1.0575,0.68,1.0425,1.04,1.0325,1.0375,1.03,1.06,1.035
1,1.07,1.0575,0.7,1.0425,1.04,1.0325,1.0375,1.03,1.06,1.035
1,1.07,1.0575,0.71,1.0425,1.04,1.0325,1.0375,1.03,1.06,1.035
1,1.07,1.0575,0.72,1.0425,1.04,1.0325,1.0375,1.03,1.06,0.935
2,1.07,1.0575,0.74,1.0425,1.04,1.0325,1.0375,1.03,1.06,1.035
1,1.07,1.0575,0.75,1.0425,1.04,1.0325,1.0375,1.03,1.06,1.035
3,1.07,1.0575,0.77,1.0425,1.04,1.0325,1.0375,1.03,1.06,1.035
1,1.07,1.0575,0.79,0.0425,1.04,1.0325,1.0375,1.03,1.06,1.035
4,1.07,1.0575,0.8,1.0425,1.04,1.0325,1.0375,1.03,1.06,1.035
1,1.07,1.0575,0.84,1.0425,1.04,1.0325,1.0375,1.03,1.06,1.035
1,1.07,1.0575,0.86,1.0425,1.04,1.0325,1.0375,1.03,1.06,1.035
1,1.07,1.0575,0.88,1.0425,1.04,1.0325,1.0375,1.03,1.06,1.035
2,1.07,1.0575,0.89,1.0425,1.04,1.0325,1.0375,1.03,1.06,1.035
3,1.07,1.0575,0.9,1.0425,1.04,1.0325,1.0375,1.03,1.06,1.035
1,1.07,1.0575,0.93,1.0425,1.04,1.0325,1.0375,1.03,1.06,1.035
1,1.07,1.0575,0.94,1.0425,1.04,1.0325,1.0375,1.03,1.06,1.035
1,1.07,1.0575,0.96,1.0425,1.04,1.0325,1.0375,1.03,1.06,1.035
1,1.07,1.0575,0.97,1.0425,1.04,1.0325,1.0375,1.03,0.76,1.035
1,1.07,1.0575,0.97,1.0425,1.04,1.0325,1.0375,1.03,1.06,1.035
1,1.07,1.0575,0.98,0.0425,1.04,1.0325,1.0375,1.03,1.06,1.035
1,1.07,1.0575,1,1.0425,1.04,1.0325,1.0375,1.03,1.06,1.035
1,1.07,1.0575,1.01,1.0425,1.04,1.0325,1.0375,1.03,1.06,1.035
1,1.07,1.0575,1.02,1.0425,1.04,0.1125,1.0375,1.03,1.06,1.035
1,1.07,1.0575,1.02,1.0425,1.04,1.0325,1.0375,1.03,0.06,1.035
1,1.07,1.0575,1.02,1.0425,1.04,1.0325,1.0375,1.03,1.06,1.035
2,1.07,1.0575,1.03,1.0425,1.04,1.0325,1.0375,1.03,1.06,1.035
2,1.07,1.0575,1.05,0.0425,0.04,1.0325,1.0375,1.03,1.06,1.035
1,1.07,1.0575,1.05,0.0425,1.04,0.4725,1.0375,1.03,1.06,1.035
1,1.07,1.0575,1.05,0.0425,1.04,1.0325,1.0375,0.41,1.06,0.035
1,1.07,1.0575,1.05,0.0425,1.04,1.0325,1.0375,0.66,1.06,1.035
1,1.07,1.0575,1.05,0.0425,1.04,1.0325,1.0375,1.03,0.06,1.035
1,1.07,1.0575,1.05,0.0425,1.04,1.0325,1.0375,1.03,0.11,1.035
1,1.07,1.0575,1.05,0.0425,1.04,1.0325,1.0375,1.03,0.845,1.035
1,1.07,1.0575,1.05,0.0425,1.04,1.0325,1.0375,1.03,1.06,0.555
40,1.07,1.0575,1.05,0.0425,1.04,1.0325,1.0375,1.03,1.06,1.035
1,1.07,1.0575,1.05,0.0525,1.04,1.0325,1.0375,0.03,1.06,1.035
1,1.07,1.0575,1.05,0.0525,1.04,1.0325,1.0375,1.03,1.06,1.035
1,1.07,1.0575,1.05,0.0625,1.04,1.0325,1.0375,0.36,1.06,1.035
1,1.07,1.0575,1.05,0.0625,1.04,1.0325,1.0375,1.03,1.06,1.035
2,1.07,1.0575,1.05,0.1025,1.04,1.0325,1.0375,1.03,1.06,1.035
3,1.07,1.0575,1.05,0.1125,1.04,1.0325,1.0375,1.03,1.06,1.035
2,1.07,1.0575,1.05,0.1225,1.04,1.0325,1.0375,1.03,1.06,1.035
1,1.07,1.0575,1.05,0.1525,1.04,1.0325,1.0375,1.03,1.06,1.035
2,1.07,1.0575,1.05,0.1625,1.04,1.0325,1.0375,1.03,1.06,1.035
1,1.07,1.0575,1.05,0.1825,1.04,1.0325,1.0375,1.03,1.06,1.035
1,1.07,1.0575,1.05,0.2225,1.04,1.0325,1.0375,1.03,1.06,1.035
1,1.07,1.0575,1.05,0.2425,1.04,1.0325,1.0375,1.03,1.06,1.035
1,1.07,1.0575,1.05,0.2825,1.04,1.0325,1.0375,1.03,1.06,1.035
1,1.07,1.0575,1.05,0.3225,1.04,1.0325,1.0375,1.03,1.06,1.035
1,1.07,1.0575,1.05,0.3325,1.04,1.0325,1.0375,1.03,1.06,1.035
1,1.07,1.0575,1.05,0.3625,1.04,1.0325,1.0375,1.03,1.06,1.035
1,1.07,1.0575,1.05,0.3825,1.04,0.0325,1.0375,1.03,1.06,1.035
1,1.07,1.0575,1.05,0.3925,1.04,1.0325,1.0375,1.03,1.06,0.035
3,1.07,1.0575,1.05,0.4125,1.04,1.0325,1.0375,1.03,1.06,1.035
1,1.07,1.0575,1.05,0.4225,1.04,1.0325,1.0375,1.03,1.06,1.035
1,1.07,1.0575,1.05,0.4325,1.04,1.0325,1.0375,1.03,1.06,1.035
1,1.07,1.0575,1.05,0.4425,1.04,1.0325,1.0375,1.03,0.06,1.035
1,1.07,1.0575,1.05,0.4525,1.04,1.0325,1.0375,1.03,1.06,1.035
1,1.07,1.0575,1.05,0.4625,1.04,1.0325,1.0375,1.03,1.06,1.035
1,1.07,1.0575,1.05,0.4725,1.04,1.0325,1.0375,1.03,1.06,0.035
1,1.07,1.0575,1.05,0.4925,1.04,1.0325,1.0375,1.03,1.06,1.035
2,1.07,1.0575,1.05,0.5025,1.04,1.0325,1.0375,1.03,1.06,1.035
3,1.07,1.0575,1.05,0.5125,1.04,1.0325,1.0375,1.03,1.06,1.035
1,1.07,1.0575,1.05,0.5325,1.04,1.0325,1.0375,1.03,1.06,1.035
1,1.07,1.0575,1.05,0.5425,1.04,1.0325,1.0375,1.03,1.06,1.035
1,1.07,1.0575,1.05,0.5725,1.04,1.0325,0.0375,1.03,1.06,1.035
1,1.07,1.0575,1.05,0.6025,1.04,1.0325,1.0375,1.03,0.98,1.035
2,1.07,1.0575,1.05,0.6025,1.04,1.0325,1.0375,1.03,1.06,1.035
3,1.07,1.0575,1.05,0.6125,1.04,1.0325,1.0375,1.03,1.06,1.035
1,1.07,1.0575,1.05,0.6225,1.04,1.0325,1.0375,1.03,1.06,1.035
1,1.07,1.0575,1.05,0.6325,0.82,1.0325,1.0375,1.03,0.06,1.035
3,1.07,1.0575,1.05,0.6525,1.04,1.0325,1.0375,1.03,1.06,1.035
4,1.07,1.0575,1.05,0.6625,1.04,1.0325,1.0375,1.03,1.06,1.035
1,1.07,1.0575,1.05,0.6725,1.04,1.0325,1.0375,1.03,1.06,1.035
2,1.07,1.0575,1.05,0.6925,1.04,1.0325,1.0375,1.03,1.06,1.035
1,1.07,1.0575,1.05,0.7125,1.04,1.0325,1.0375,1.03,1.06,1.035
1,1.07,1.0575,1.05,0.7225,1.04,1.0325,1.0375,1.03,1.06,1.035
1,1.07,1.0575,1.05,0.7325,1.04,1.0325,1.0375,1.03,1.06,1.035
1,1.07,1.0575,1.05,0.7425,1.04,1.0325,1.0375,1.03,1.06,0.035
1,1.07,1.0575,1.05,0.7425,1.04,1.0325,1.0375,1.03,1.06,1.035
2,1.07,1.0575,1.05,0.7725,1.04,1.0325,1.0375,1.03,1.06,1.035
1,1.07,1.0575,1.05,0.7925,1.04,1.0325,1.0375,1.03,1.06,0.405
2,1.07,1.0575,1.05,0.7925,1.04,1.0325,1.0375,1.03,1.06,1.035
2,1.07,1.0575,1.05,0.8025,1.04,1.0325,1.0375,1.03,0.06,1.035
2,1.07,1.0575,1.05,0.8125,1.04,1.0325,1.0375,1.03,1.06,1.035
1,1.07,1.0575,1.05,0.8225,1.04,1.0325,1.0375,1.03,1.06,1.035
1,1.07,1.0575,1.05,0.8325,1.04,1.0325,1.0375,1.03,1.06,1.035
1,1.07,1.0575,1.05,0.8525,1.04,1.0325,1.0375,1.03,1.06,1.035
1,1.07,1.0575,1.05,0.8725,1.04,1.0325,1.0375,1.03,1.06,1.035
1,1.07,1.0575,1.05,0.8825,1.04,1.0325,1.0375,1.03,1.06,1.035
1,1.07,1.0575,1.05,0.8925,1.04,1.0325,1.0375,1.03,0.105,1.035
1,1.07,1.0575,1.05,0.8925,1.04,1.0325,1.0375,1.03,1.06,1.035
1,1.07,1.0575,1.05,0.9025,1.04,1.0325,1.0375,1.03,1.06,1.035
1,1.07,1.0575,1.05,0.9225,0.74,1.0325,1.0375,1.03,1.06,1.035
1,1.07,1.0575,1.05,0.9325,1.04,1.0325,1.0375,1.03,0.06,1.035
1,1.07,1.0575,1.05,0.9725,1.04,1.0325,1.0375,1.03,1.06,1.035
1,1.07,1.0575,1.05,0.9825,1.04,1.0325,1.0375,0.03,1.06,1.035
1,1.07,1.0575,1.05,0.9825,1.04,1.0325,1.0375,1.03,1.06,1.035
1,1.07,1.0575,1.05,0.9925,1.04,1.0325,1.0375,1.03,1.06,1.035
1,1.07,1.0575,1.05,1.0025,0.88,1.0325,1.0375,1.03,1.06,1.035
1,1.07,1.0575,1.05,1.0025,1.04,1.0325,1.0375,1.03,1.06,1.035
1,1.07,1.0575,1.05,1.0125,1.04,1.0325,1.0375,1.03,1.06,1.035
3,1.07,1.0575,1.05,1.0225,1.04,1.0325,1.0375,1.03,1.06,1.035
1,1.07,1.0575,1.05,1.0425,0.04,0.0325,1.0375,1.03,1.06,1.035
1,1.07,1.0575,1.05,1.0425,0.04,0.0525,1.0375,1.03,1.06,1.035
1,1.07,1.0575,1.05,1.0425,0.04,0.3125,1.0375,1.03,1.06,1.035
1,1.07,1.0575,1.05,1.0425,0.04,0.8525,1.0375,1.03,1.06,1.035
2,1.07,1.0575,1.05,1.0425,0.04,1.0325,0.0375,1.03,1.06,1.035
1,1.07,1.0575,1.05,1.0425,0.04,1.0325,0.7475,1.03,1.06,1.035
1,1.07,1.0575,1.05,1.0425,0.04,1.0325,0.9275,1.03,1.06,1.035
3,1.07,1.0575,1.05,1.0425,0.04,1.0325,1.0375,0.03,1.06,1.035
3,1.07,1.0575,1.05,1.0425,0.04,1.0325,1.0375,1.03,0.06,1.035
2,1.07,1.0575,1.05,1.0425,0.04,1.0325,1.0375,1.03,1.06,0.035
117,1.07,1.0575,1.05,1.0425,0.04,1.0325,1.0375,1.03,1.06,1.035
2,1.07,1.0575,1.05,1.0425,0.07,1.0325,1.0375,1.03,1.06,1.035
1,1.07,1.0575,1.05,1.0425,0.08,1.0325,1.0375,1.03,1.06,1.035
3,1.07,1.0575,1.05,1.0425,0.09,1.0325,1.0375,1.03,1.06,1.035
4,1.07,1.0575,1.05,1.0425,0.1,1.0325,1.0375,1.03,1.06,1.035
1,1.07,1.0575,1.05,1.0425,0.13,1.0325,1.0375,1.03,1.06,1.035
1,1.07,1.0575,1.05,1.0425,0.14,1.0325,0.0375,1.03,1.06,1.035
1,1.07,1.0575,1.05,1.0425,0.15,1.0325,1.0375,1.03,0.94,1.035
1,1.07,1.0575,1.05,1.0425,0.16,1.0325,1.0375,1.03,1.06,1.035
1,1.07,1.0575,1.05,1.0425,0.18,1.0325,1.0375,1.03,1.06,1.035
1,1.07,1.0575,1.05,1.0425,0.2,1.0325,1.0375,1.03,1.06,1.035
1,1.07,1.0575,1.05,1.0425,0.21,1.0325,1.0375,1.03,0.06,1.035
2,1.07,1.0575,1.05,1.0425,0.22,1.0325,1.0375,1.03,1.06,1.035
1,1.07,1.0575,1.05,1.0425,0.23,1.0325,1.0375,1.03,1.06,1.035
1,1.07,1.0575,1.05,1.0425,0.24,1.0325,1.0375,1.03,1.06,1.035
1,1.07,1.0575,1.05,1.0425,0.25,1.0325,1.0375,1.03,1.06,0.035
1,1.07,1.0575,1.05,1.0425,0.26,1.0325,1.0375,1.03,1.06,1.035
1,1.07,1.0575,1.05,1.0425,0.27,1.0325,1.0375,1.03,1.06,1.035
1,1.07,1.0575,1.05,1.0425,0.28,1.0325,1.0375,1.03,1.06,1.035
1,1.07,1.0575,1.05,1.0425,0.3,1.0325,1.0375,1.03,1.06,1.035
1,1.07,1.0575,1.05,1.0425,0.31,1.0325,1.0375,1.03,0.06,1.035
1,1.07,1.0575,1.05,1.0425,0.32,1.0325,1.0375,1.03,1.06,1.035
2,1.07,1.0575,1.05,1.0425,0.33,1.0325,1.0375,1.03,1.06,1.035
1,1.07,1.0575,1.05,1.0425,0.34,1.0325,1.0375,1.03,1.06,1.035
1,1.07,1.0575,1.05,1.0425,0.35,1.0325,1.0375,1.03,1.06,1.035
1,1.07,1.0575,1.05,1.0425,0.36,1.0325,1.0375,1.03,1.06,1.035
2,1.07,1.0575,1.05,1.0425,0.37,1.0325,1.0375,1.03,1.06,1.035
2,1.07,1.0575,1.05,1.0425,0.38,1.0325,1.0375,1.03,1.06,1.035
2,1.07,1.0575,1.05,1.0425,0.39,1.0325,1.0375,1.03,1.06,1.035
2,1.07,1.0575,1.05,1.0425,0.4,1.0325,1.0375,1.03,1.06,1.035
1,1.07,1.0575,1.05,1.0425,0.41,1.0325,1.0375,1.03,1.06,1.035
1,1.07,1.0575,1.05,1.0425,0.43,1.0325,1.0375,1.03,1.06,1.035
1,1.07,1.0575,1.05,1.0425,0.44,1.0325,1.0375,1.03,1.06,1.035
2,1.07,1.0575,1.05,1.0425,0.45,1.0325,1.0375,1.03,1.06,1.035
2,1.07,1.0575,1.05,1.0425,0.5,1.0325,1.0375,1.03,1.06,1.035
1,1.07,1.0575,1.05,1.0425,0.54,1.0325,1.0375,1.03,1.06,1.035
2,1.07,1.0575,1.05,1.0425,0.55,1.0325,1.0375,1.03,1.06,1.035
1,1.07,1.0575,1.05,1.0425,0.58,1.0325,1.0375,1.03,1.06,1.035
1,1.07,1.0575,1.05,1.0425,0.64,1.0325,1.0375,1.03,1.06,1.035
1,1.07,1.0575,1.05,1.0425,0.65,1.0325,1.0375,1.03,1.06,1.035
1,1.07,1.0575,1.05,1.0425,0.67,1.0325,1.0375,1.03,1.06,1.035
2,1.07,1.0575,1.05,1.0425,0.68,1.0325,1.0375,1.03,1.06,1.035
1,1.07,1.0575,1.05,1.0425,0.7,1.0325,1.0375,1.03,1.06,1.035
1,1.07,1.0575,1.05,1.0425,0.71,0.0325,1.0375,1.03,1.06,1.035
1,1.07,1.0575,1.05,1.0425,0.71,1.0325,1.0375,1.03,1.06,1.035
2,1.07,1.0575,1.05,1.0425,0.72,1.0325,1.0375,1.03,1.06,1.035
2,1.07,1.0575,1.05,1.0425,0.76,1.0325,1.0375,1.03,1.06,1.035
1,1.07,1.0575,1.05,1.0425,0.78,1.0325,1.0375,1.03,1.06,1.035
1,1.07,1.0575,1.05,1.0425,0.79,1.0325,1.0375,1.03,1.06,0.035
2,1.07,1.0575,1.05,1.0425,0.79,1.0325,1.0375,1.03,1.06,1.035
3,1.07,1.0575,1.05,1.0425,0.81,1.0325,1.0375,1.03,1.06,1.035
1,1.07,1.0575,1.05,1.0425,0.84,1.0325,1.0375,1.03,1.06,1.035
1,1.07,1.0575,1.05,1.0425,0.89,1.0325,1.0375,1.03,1.06,1.035
2,1.07,1.0575,1.05,1.0425,0.91,1.0325,1.0375,1.03,1.06,1.035
1,1.07,1.0575,1.05,1.0425,0.92,1.0325,1.0375,1.03,1.06,1.035
3,1.07,1.0575,1.05,1.0425,0.93,1.0325,1.0375,1.03,1.06,1.035
2,1.07,1.0575,1.05,1.0425,0.95,1.0325,1.0375,1.03,1.06,1.035
1,1.07,1.0575,1.05,1.0425,0.96,1.0325,1.0375,1.03,1.06,1.035
1,1.07,1.0575,1.05,1.0425,0.97,1.0325,1.0375,1.03,1.06,1.035
2,1.07,1.0575,1.05,1.0425,0.98,1.0325,1.0375,1.03,1.06,1.035
1,1.07,1.0575,1.05,1.0425,0.99,1.0325,1.0375,1.03,1.06,1.035
3,1.07,1.0575,1.05,1.0425,1.01,1.0325,1.0375,1.03,1.06,1.035
1,1.07,1.0575,1.05,1.0425,1.04,0.0325,1.0375,1.03,0.06,0.035
1,1.07,1.0575,1.05,1.0425,1.04,0.0325,1.0375,1.03,0.06,1.035
1,1.07,1.0575,1.05,1.0425,1.04,0.0325,1.0375,1.03,0.635,1.035
1,1.07,1.0575,1.05,1.0425,1.04,0.0325,1.0375,1.03,0.67,1.035
1,1.07,1.0575,1.05,1.0425,1.04,0.0325,1.0375,1.03,1.06,0.035
32,1.07,1.0575,1.05,1.0425,1.04,0.0325,1.0375,1.03,1.06,1.035
2,1.07,1.0575,1.05,1.0425,1.04,0.0425,1.0375,1.03,1.06,1.035
1,1.07,1.0575,1.05,1.0425,1.04,0.0625,1.0375,1.03,0.06,1.035
1,1.07,1.0575,1.05,1.0425,1.04,0.0725,1.0375,1.03,1.06,1.035
2,1.07,1.0575,1.05,1.0425,1.04,0.0825,1.0375,1.03,1.06,1.035
1,1.07,1.0575,1.05,1.0425,1.04,0.0925,1.0375,1.03,0.06,1.035
1,1.07,1.0575,1.05,1.0425,1.04,0.1125,1.0375,1.03,1.06,1.035
2,1.07,1.0575,1.05,1.0425,1.04,0.1225,1.0375,1.03,1.06,1.035
1,1.07,1.0575,1.05,1.0425,1.04,0.1425,1.0375,1.03,1.06,1.035
1,1.07,1.0575,1.05,1.0425,1.04,0.1725,1.0375,1.03,1.06,1.035
1,1.07,1.0575,1.05,1.0425,1.04,0.1825,1.0375,1.03,1.06,1.035
4,1.07,1.0575,1.05,1.0425,1.04,0.1925,1.0375,1.03,1.06,1.035
1,1.07,1.0575,1.05,1.0425,1.04,0.2025,1.0375,1.03,1.06,1.035
1,1.07,1.0575,1.05,1.0425,1.04,0.2325,1.0375,1.03,1.06,1.035
1,1.07,1.0575,1.05,1.0425,1.04,0.2825,1.0375,0.03,1.06,1.035
1,1.07,1.0575,1.05,1.0425,1.04,0.3025,1.0375,1.03,1.06,0.115
1,1.07,1.0575,1.05,1.0425,1.04,0.3025,1.0375,1.03,1.06,1.035
1,1.07,1.0575,1.05,1.0425,1.04,0.3125,1.0375,1.03,1.06,1.035
1,1.07,1.0575,1.05,1.0425,1.04,0.3325,1.0375,1.03,0.895,1.035
1,1.07,1.0575,1.05,1.0425,1.04,0.3425,1.0375,1.03,1.06,1.035
2,1.07,1.0575,1.05,1.0425,1.04,0.3625,1.0375,1.03,1.06,1.035
1,1.07,1.0575,1.05,1.0425,1.04,0.3725,1.0375,1.03,1.06,1.035
2,1.07,1.0575,1.05,1.0425,1.04,0.3925,1.0375,1.03,1.06,1.035
1,1.07,1.0575,1.05,1.0425,1.04,0.4025,0.2775,1.03,1.06,1.035
1,1.07,1.0575,1.05,1.0425,1.04,0.4025,1.0375,1.03,1.06,0.945
2,1.07,1.0575,1.05,1.0425,1.04,0.4025,1.0375,1.03,1.06,1.035
2,1.07,1.0575,1.05,1.0425,1.04,0.4125,1.0375,1.03,1.06,1.035
1,1.07,1.0575,1.05,1.0425,1.04,0.4425,1.0375,1.03,1.06,1.035
1,1.07,1.0575,1.05,1.0425,1.04,0.4725,1.0375,1.03,0.675,1.035
2,1.07,1.0575,1.05,1.0425,1.04,0.5325,1.0375,1.03,1.06,1.035
1,1.07,1.0575,1.05,1.0425,1.04,0.5525,1.0375,1.03,1.06,1.035
1,1.07,1.0575,1.05,1.0425,1.04,0.5625,1.0375,1.03,1.06,1.035
1,1.07,1.0575,1.05,1.0425,1.04,0.5725,1.0375,1.03,1.06,0.035
1,1.07,1.0575,1.05,1.0425,1.04,0.5825,1.0375,1.03,1.06,1.035
2,1.07,1.0575,1.05,1.0425,1.04,0.6025,1.0375,1.03,1.06,1.035
1,1.07,1.0575,1.05,1.0425,1.04,0.6325,1.0375,1.03,1.06,1.035
1,1.07,1.0575,1.05,1.0425,1.04,0.6425,1.0375,1.03,1.06,1.035
1,1.07,1.0575,1.05,1.0425,1.04,0.6625,1.0375,1.03,1.06,1.035
1,1.07,1.0575,1.05,1.0425,1.04,0.6825,1.0375,1.03,1.06,1.035
2,1.07,1.0575,1.05,1.0425,1.04,0.6925,1.0375,1.03,1.06,1.035
2,1.07,1.0575,1.05,1.0425,1.04,0.7125,1.0375,1.03,1.06,1.035
1,1.07,1.0575,1.05,1.0425,1.04,0.7325,1.0375,1.03,1.06,1.035
3,1.07,1.0575,1.05,1.0425,1.04,0.7625,1.0375,1.03,1.06,1.035
2,1.07,1.0575,1.05,1.0425,1.04,0.7825,1.0375,1.03,1.06,1.035
1,1.07,1.0575,1.05,1.0425,1.04,0.7925,1.0375,1.03,1.06,1.035
1,1.07,1.0575,1.05,1.0425,1.04,0.8025,1.0375,1.03,1.06,1.035
1,1.07,1.0575,1.05,1.0425,1.04,0.8325,1.0375,1.03,1.06,1.035
1,1.07,1.0575,1.05,1.0425,1.04,0.8725,1.0375,1.03,0.06,1.035
1,1.07,1.0575,1.05,1.0425,1.04,0.8925,1.0375,1.03,1.06,1.035
3,1.07,1.0575,1.05,1.0425,1.04,0.9225,1.0375,1.03,1.06,1.035
1,1.07,1.0575,1.05,1.0425,1.04,0.9325,1.0375,1.03,1.06,1.035
1,1.07,1.0575,1.05,1.0425,1.04,0.9525,1.0375,1.03,1.06,1.035
1,1.07,1.0575,1.05,1.0425,1.04,0.9625,1.0375,1.03,1.06,1.035
2,1.07,1.0575,1.05,1.0425,1.04,0.9725,1.0375,1.03,1.06,1.035
1,1.07,1.0575,1.05,1.0425,1.04,0.9825,1.0375,1.03,1.06,1.035
3,1.07,1.0575,1.05,1.0425,1.04,0.9925,1.0375,1.03,1.06,1.035
1,1.07,1.0575,1.05,1.0425,1.04,1.0125,1.0375,1.03,1.06,1.035
1,1.07,1.0575,1.05,1.0425,1.04,1.0225,1.0375,1.03,1.06,1.035
1,1.07,1.0575,1.05,1.0425,1.04,1.0325,0.0375,0.03,1.06,1.035
2,1.07,1.0575,1.05,1.0425,1.04,1.0325,0.0375,1.03,0.06,1.035
1,1.07,1.0575,1.05,1.0425,1.04,1.0325,0.0375,1.03,0.065,1.035
1,1.07,1.0575,1.05,1.0425,1.04,1.0325,0.0375,1.03,0.26,1.035
1,1.07,1.0575,1.05,1.0425,1.04,1.0325,0.0375,1.03,0.505,1.035
1,1.07,1.0575,1.05,1.0425,1.04,1.0325,0.0375,1.03,0.745,1.035
1,1.07,1.0575,1.05,1.0425,1.04,1.0325,0.0375,1.03,0.835,1.035
1,1.07,1.0575,1.05,1.0425,1.04,1.0325,0.0375,1.03,1.06,0.035
137,1.07,1.0575,1.05,1.0425,1.04,1.0325,0.0375,1.03,1.06,1.035
1,1.07,1.0575,1.05,1.0425,1.04,1.0325,0.0475,1.03,1.06,1.035
1,1.07,1.0575,1.05,1.0425,1.04,1.0325,0.0675,0.11,1.06,1.035
1,1.07,1.0575,1.05,1.0425,1.04,1.0325,0.0675,1.03,1.06,1.035
2,1.07,1.0575,1.05,1.0425,1.04,1.0325,0.0975,1.03,1.06,1.035
1,1.07,1.0575,1.05,1.0425,1.04,1.0325,0.1075,1.03,1.06,1.035
2,1.07,1.0575,1.05,1.0425,1.04,1.0325,0.1475,1.03,1.06,1.035
1,1.07,1.0575,1.05,1.0425,1.04,1.0325,0.1575,1.03,0.53,1.035
1,1.07,1.0575,1.05,1.0425,1.04,1.0325,0.1575,1.03,1.06,1.035
1,1.07,1.0575,1.05,1.0425,1.04,1.0325,0.2075,1.03,1.06,1.035
1,1.07,1.0575,1.05,1.0425,1.04,1.0325,0.2275,1.03,1.06,1.035
1,1.07,1.0575,1.05,1.0425,1.04,1.0325,0.2475,1.03,1.06,0.035
1,1.07,1.0575,1.05,1.0425,1.04,1.0325,0.2475,1.03,1.06,1.035
1,1.07,1.0575,1.05,1.0425,1.04,1.0325,0.2675,1.03,1.06,1.035
1,1.07,1.0575,1.05,1.0425,1.04,1.0325,0.2775,1.03,0.06,1.035
1,1.07,1.0575,1.05,1.0425,1.04,1.0325,0.2775,1.03,0.08,1.035
2,1.07,1.0575,1.05,1.0425,1.04,1.0325,0.2775,1.03,1.06,1.035
1,1.07,1.0575,1.05,1.0425,1.04,1.0325,0.2875,1.03,1.06,0.565
1,1.07,1.0575,1.05,1.0425,1.04,1.0325,0.2975,1.03,1.06,1.035
1,1.07,1.0575,1.05,1.0425,1.04,1.0325,0.3175,1.03,1.06,1.035
2,1.07,1.0575,1.05,1.0425,1.04,1.0325,0.3275,1.03,1.06,1.035
1,1.07,1.0575,1.05,1.0425,1.04,1.0325,0.3375,1.03,1.06,1.035
1,1.07,1.0575,1.05,1.0425,1.04,1.0325,0.3475,1.03,1.06,1.035
1,1.07,1.0575,1.05,1.0425,1.04,1.0325,0.3675,1.03,1.06,1.035
1,1.07,1.0575,1.05,1.0425,1.04,1.0325,0.3875,1.03,1.06,1.035
1,1.07,1.0575,1.05,1.0425,1.04,1.0325,0.3975,1.03,0.06,1.035
1,1.07,1.0575,1.05,1.0425,1.04,1.0325,0.3975,1.03,1.06,1.035
1,1.07,1.0575,1.05,1.0425,1.04,1.0325,0.4075,0.92,0.06,1.035
1,1.07,1.0575,1.05,1.0425,1.04,1.0325,0.4075,1.03,1.06,1.035
1,1.07,1.0575,1.05,1.0425,1.04,1.0325,0.4175,0.03,1.06,1.035
2,1.07,1.0575,1.05,1.0425,1.04,1.0325,0.4175,1.03,1.06,1.035
2,1.07,1.0575,1.05,1.0425,1.04,1.0325,0.4275,1.03,1.06,1.035
1,1.07,1.0575,1.05,1.0425,1.04,1.0325,0.4375,1.03,1.06,1.035
1,1.07,1.0575,1.05,1.0425,1.04,1.0325,0.4475,1.03,1.06,1.035
1,1.07,1.0575,1.05,1.0425,1.04,1.0325,0.4675,1.03,0.06,1.035
1,1.07,1.0575,1.05,1.0425,1.04,1.0325,0.4775,1.03,1.06,1.035
1,1.07,1.0575,1.05,1.0425,1.04,1.0325,0.4875,1.03,1.06,1.035
1,1.07,1.0575,1.05,1.0425,1.04,1.0325,0.5075,1.03,1.06,1.035
1,1.07,1.0575,1.05,1.0425,1.04,1.0325,0.5175,1.03,0.99,1.035
1,1.07,1.0575,1.05,1.0425,1.04,1.0325,0.5275,1.03,1.06,1.035
3,1.07,1.0575,1.05,1.0425,1.04,1.0325,0.5375,1.03,1.06,1.035
1,1.07,1.0575,1.05,1.0425,1.04,1.0325,0.5775,1.03,1.06,1.035
3,1.07,1.0575,1.05,1.0425,1.04,1.0325,0.5975,1.03,1.06,1.035
2,1.07,1.0575,1.05,1.0425,1.04,1.0325,0.6075,1.03,1.06,1.035
1,1.07,1.0575,1.05,1.0425,1.04,1.0325,0.6275,1.03,1.06,1.035
1,1.07,1.0575,1.05,1.0425,1.04,1.0325,0.6375,1.03,1.06,1.035
2,1.07,1.0575,1.05,1.0425,1.04,1.0325,0.6575,1.03,1.06,1.035
1,1.07,1.0575,1.05,1.0425,1.04,1.0325,0.6675,1.03,1.06,1.035
1,1.07,1.0575,1.05,1.0425,1.04,1.0325,0.6775,1.03,1.06,1.035
2,1.07,1.0575,1.05,1.0425,1.04,1.0325,0.6875,1.03,1.06,1.035
1,1.07,1.0575,1.05,1.0425,1.04,1.0325,0.6975,1.03,1.06,1.035
1,1.07,1.0575,1.05,1.0425,1.04,1.0325,0.7075,1.03,1.06,1.035
1,1.07,1.0575,1.05,1.0425,1.04,1.0325,0.7375,1.03,1.06,1.035
3,1.07,1.0575,1.05,1.0425,1.04,1.0325,0.7475,1.03,1.06,1.035
1,1.07,1.0575,1.05,1.0425,1.04,1.0325,0.7675,1.03,1.06,1.035
1,1.07,1.0575,1.05,1.0425,1.04,1.0325,0.7775,1.03,1.06,0.035
2,1.07,1.0575,1.05,1.0425,1.04,1.0325,0.7875,1.03,1.06,1.035
1,1.07,1.0575,1.05,1.0425,1.04,1.0325,0.8175,1.03,0.06,1.035
2,1.07,1.0575,1.05,1.0425,1.04,1.0325,0.8175,1.03,1.06,1.035
2,1.07,1.0575,1.05,1.0425,1.04,1.0325,0.8575,1.03,1.06,1.035
1,1.07,1.0575,1.05,1.0425,1.04,1.0325,0.8675,1.03,1.06,1.035
1,1.07,1.0575,1.05,1.0425,1.04,1.0325,0.8875,1.03,0.06,1.035
1,1.07,1.0575,1.05,1.0425,1.04,1.0325,0.8875,1.03,1.06,1.035
1,1.07,1.0575,1.05,1.0425,1.04,1.0325,0.8975,1.03,1.06,0.035
2,1.07,1.0575,1.05,1.0425,1.04,1.0325,0.8975,1.03,1.06,1.035
1,1.07,1.0575,1.05,1.0425,1.04,1.0325,0.9075,1.03,1.06,1.035
2,1.07,1.0575,1.05,1.0425,1.04,1.0325,0.9175,1.03,1.06,1.035
1,1.07,1.0575,1.05,1.0425,1.04,1.0325,0.9275,1.03,1.06,1.035
1,1.07,1.0575,1.05,1.0425,1.04,1.0325,0.9575,1.03,1.06,1.035
2,1.07,1.0575,1.05,1.0425,1.04,1.0325,0.9675,1.03,1.06,1.035
1,1.07,1.0575,1.05,1.0425,1.04,1.0325,0.9775,1.03,1.06,1.035
2,1.07,1.0575,1.05,1.0425,1.04,1.0325,0.9875,1.03,1.06,1.035
2,1.07,1.0575,1.05,1.0425,1.04,1.0325,0.9975,1.03,1.06,1.035
1,1.07,1.0575,1.05,1.0425,1.04,1.0325,1.0275,1.03,1.06,1.035
2,1.07,1.0575,1.05,1.0425,1.04,1.0325,1.0375,0.03,0.06,1.035
1,1.07,1.0575,1.05,1.0425,1.04,1.0325,1.0375,0.03,0.43,1.035
1,1.07,1.0575,1.05,1.0425,1.04,1.0325,1.0375,0.03,0.51,1.035
3,1.07,1.0575,1.05,1.0425,1.04,1.0325,1.0375,0.03,1.06,0.035
36,1.07,1.0575,1.05,1.0425,1.04,1.0325,1.0375,0.03,1.06,1.035
1,1.07,1.0575,1.05,1.0425,1.04,1.0325,1.0375,0.04,1.06,1.035
1,1.07,1.0575,1.05,1.0425,1.04,1.0325,1.0375,0.05,1.06,1.035
1,1.07,1.0575,1.05,1.0425,1.04,1.0325,1.0375,0.06,1.06,1.035
1,1.07,1.0575,1.05,1.0425,1.04,1.0325,1.0375,0.07,1.06,1.035
1,1.07,1.0575,1.05,1.0425,1.04,1.0325,1.0375,0.08,1.06,1.035
2,1.07,1.0575,1.05,1.0425,1.04,1.0325,1.0375,0.1,1.06,1.035
1,1.07,1.0575,1.05,1.0425,1.04,1.0325,1.0375,0.12,1.06,1.035
1,1.07,1.0575,1.05,1.0425,1.04,1.0325,1.0375,0.15,0.845,1.035
1,1.07,1.0575,1.05,1.0425,1.04,1.0325,1.0375,0.17,1.06,1.035
1,1.07,1.0575,1.05,1.0425,1.04,1.0325,1.0375,0.18,1.06,1.035
1,1.07,1.0575,1.05,1.0425,1.04,1.0325,1.0375,0.19,1.06,1.035
2,1.07,1.0575,1.05,1.0425,1.04,1.0325,1.0375,0.2,1.06,1.035
2,1.07,1.0575,1.05,1.0425,1.04,1.0325,1.0375,0.21,1.06,1.035
1,1.07,1.0575,1.05,1.0425,1.04,1.0325,1.0375,0.22,1.06,1.035
1,1.07,1.0575,1.05,1.0425,1.04,1.0325,1.0375,0.28,1.06,1.035
1,1.07,1.0575,1.05,1.0425,1.04,1.0325,1.0375,0.3,1.06,1.035
1,1.07,1.0575,1.05,1.0425,1.04,1.0325,1.0375,0.31,0.06,1.035
1,1.07,1.0575,1.05,1.0425,1.04,1.0325,1.0375,0.31,1.06,1.035
1,1.07,1.0575,1.05,1.0425,1.04,1.0325,1.0375,0.32,1.06,1.035
4,1.07,1.0575,1.05,1.0425,1.04,1.0325,1.0375,0.35,1.06,1.035
1,1.07,1.0575,1.05,1.0425,1.04,1.0325,1.0375,0.37,1.06,1.035
3,1.07,1.0575,1.05,1.0425,1.04,1.0325,1.0375,0.39,1.06,1.035
1,1.07,1.0575,1.05,1.0425,1.04,1.0325,1.0375,0.4,1.06,1.035
1,1.07,1.0575,1.05,1.0425,1.04,1.0325,1.0375,0.42,1.06,0.285
2,1.07,1.0575,1.05,1.0425,1.04,1.0325,1.0375,0.42,1.06,1.035
2,1.07,1.0575,1.05,1.0425,1.04,1.0325,1.0375,0.43,1.06,1.035
1,1.07,1.0575,1.05,1.0425,1.04,1.0325,1.0375,0.44,1.06,1.035
1,1.07,1.0575,1.05,1.0425,1.04,1.0325,1.0375,0.46,1.06,1.035
1,1.07,1.0575,1.05,1.0425,1.04,1.0325,1.0375,0.48,1.06,1.035
2,1.07,1.0575,1.05,1.0425,1.04,1.0325,1.0375,0.49,1.06,1.035
1,1.07,1.0575,1.05,1.0425,1.04,1.0325,1.0375,0.53,1.06,1.035
1,1.07,1.0575,1.05,1.0425,1.04,1.0325,1.0375,0.55,1.06,1.035
1,1.07,1.0575,1.05,1.0425,1.04,1.0325,1.0375,0.56,1.06,1.035
1,1.07,1.0575,1.05,1.0425,1.04,1.0325,1.0375,0.57,1.06,1.035
1,1.07,1.0575,1.05,1.0425,1.04,1.0325,1.0375,0.64,1.06,1.035
1,1.07,1.0575,1.05,1.0425,1.04,1.0325,1.0375,0.66,1.06,1.035
3,1.07,1.0575,1.05,1.0425,1.04,1.0325,1.0375,0.67,1.06,1.035
2,1.07,1.0575,1.05,1.0425,1.04,1.0325,1.0375,0.68,1.06,1.035
1,1.07,1.0575,1.05,1.0425,1.04,1.0325,1.0375,0.69,1.06,1.035
1,1.07,1.0575,1.05,1.0425,1.04,1.0325,1.0375,0.71,1.06,1.035
3,1.07,1.0575,1.05,1.0425,1.04,1.0325,1.0375,0.75,1.06,1.035
1,1.07,1.0575,1.05,1.0425,1.04,1.0325,1.0375,0.78,1.06,1.035
1,1.07,1.0575,1.05,1.0425,1.04,1.0325,1.0375,0.79,1.06,1.035
2,1.07,1.0575,1.05,1.0425,1.04,1.0325,1.0375,0.8,1.06,1.035
1,1.07,1.0575,1.05,1.0425,1.04,1.0325,1.0375,0.81,1.06,1.035
1,1.07,1.0575,1.05,1.0425,1.04,1.0325,1.0375,0.82,1.06,1.035
2,1.07,1.0575,1.05,1.0425,1.04,1.0325,1.0375,0.83,1.06,1.035
1,1.07,1.0575,1.05,1.0425,1.04,1.0325,1.0375,0.87,0.96,1.035
1,1.07,1.0575,1.05,1.0425,1.04,1.0325,1.0375,0.87,1.06,1.035
1,1.07,1.0575,1.05,1.0425,1.04,1.0325,1.0375,0.88,1.06,1.035
2,1.07,1.0575,1.05,1.0425,1.04,1.0325,1.0375,0.89,1.06,1.035
1,1.07,1.0575,1.05,1.0425,1.04,1.0325,1.0375,0.9,0.06,1.035
1,1.07,1.0575,1.05,1.0425,1.04,1.0325,1.0375,0.9,1.06,1.035
1,1.07,1.0575,1.05,1.0425,1.04,1.0325,1.0375,0.91,0.06,1.035
2,1.07,1.0575,1.05,1.0425,1.04,1.0325,1.0375,0.91,1.06,1.035
1,1.07,1.0575,1.05,1.0425,1.04,1.0325,1.0375,0.93,1.06,1.035
1,1.07,1.0575,1.05,1.0425,1.04,1.0325,1.0375,0.94,1.06,1.035
1,1.07,1.0575,1.05,1.0425,1.04,1.0325,1.0375,0.95,1.06,1.035
2,1.07,1.0575,1.05,1.0425,1.04,1.0325,1.0375,0.97,1.06,1.035
3,1.07,1.0575,1.05,1.0425,1.04,1.0325,1.0375,0.99,1.06,1.035
1,1.07,1.0575,1.05,1.0425,1.04,1.0325,1.0375,1,1.06,1.035
1,1.07,1.0575,1.05,1.0425,1.04,1.0325,1.0375,1.01,1.06,1.035
7,1.07,1.0575,1.05,1.0425,1.04,1.0325,1.0375,1.03,0.06,0.035
2,1.07,1.0575,1.05,1.0425,1.04,1.0325,1.0375,1.03,0.06,0.625
1,1.07,1.0575,1.05,1.0425,1.04,1.0325,1.0375,1.03,0.06,0.835
274,1.07,1.0575,1.05,1.0425,1.04,1.0325,1.0375,1.03,0.06,1.035
3,1.07,1.0575,1.05,1.0425,1.04,1.0325,1.0375,1.03,0.075,1.035
1,1.07,1.0575,1.05,1.0425,1.04,1.0325,1.0375,1.03,0.08,1.035
3,1.07,1.0575,1.05,1.0425,1.04,1.0325,1.0375,1.03,0.09,1.035
1,1.07,1.0575,1.05,1.0425,1.04,1.0325,1.0375,1.03,0.1,1.035
1,1.07,1.0575,1.05,1.0425,1.04,1.0325,1.0375,1.03,0.105,1.035
1,1.07,1.0575,1.05,1.0425,1.04,1.0325,1.0375,1.03,0.115,1.035
5,1.07,1.0575,1.05,1.0425,1.04,1.0325,1.0375,1.03,0.12,1.035
1,1.07,1.0575,1.05,1.0425,1.04,1.0325,1.0375,1.03,0.125,1.035
1,1.07,1.0575,1.05,1.0425,1.04,1.0325,1.0375,1.03,0.135,1.035
2,1.07,1.0575,1.05,1.0425,1.04,1.0325,1.0375,1.03,0.15,1.035
2,1.07,1.0575,1.05,1.0425,1.04,1.0325,1.0375,1.03,0.155,1.035
3,1.07,1.0575,1.05,1.0425,1.04,1.0325,1.0375,1.03,0.16,1.035
2,1.07,1.0575,1.05,1.0425,1.04,1.0325,1.0375,1.03,0.175,1.035
2,1.07,1.0575,1.05,1.0425,1.04,1.0325,1.0375,1.03,0.18,1.035
2,1.07,1.0575,1.05,1.0425,1.04,1.0325,1.0375,1.03,0.185,1.035
1,1.07,1.0575,1.05,1.0425,1.04,1.0325,1.0375,1.03,0.2,1.035
1,1.07,1.0575,1.05,1.0425,1.04,1.0325,1.0375,1.03,0.225,1.035
1,1.07,1.0575,1.05,1.0425,1.04,1.0325,1.0375,1.03,0.23,1.035
1,1.07,1.0575,1.05,1.0425,1.04,1.0325,1.0375,1.03,0.235,1.035
2,1.07,1.0575,1.05,1.0425,1.04,1.0325,1.0375,1.03,0.24,1.035
1,1.07,1.0575,1.05,1.0425,1.04,1.0325,1.0375,1.03,0.245,1.035
1,1.07,1.0575,1.05,1.0425,1.04,1.0325,1.0375,1.03,0.25,1.035
1,1.07,1.0575,1.05,1.0425,1.04,1.0325,1.0375,1.03,0.255,1.035
1,1.07,1.0575,1.05,1.0425,1.04,1.0325,1.0375,1.03,0.26,1.035
1,1.07,1.0575,1.05,1.0425,1.04,1.0325,1.0375,1.03,0.29,1.035
1,1.07,1.0575,1.05,1.0425,1.04,1.0325,1.0375,1.03,0.295,1.035
1,1.07,1.0575,1.05,1.0425,1.04,1.0325,1.0375,1.03,0.315,1.035
1,1.07,1.0575,1.05,1.0425,1.04,1.0325,1.0375,1.03,0.355,1.035
2,1.07,1.0575,1.05,1.0425,1.04,1.0325,1.0375,1.03,0.365,1.035
1,1.07,1.0575,1.05,1.0425,1.04,1.0325,1.0375,1.03,0.37,1.035
1,1.07,1.0575,1.05,1.0425,1.04,1.0325,1.0375,1.03,0.375,1.035
1,1.07,1.0575,1.05,1.0425,1.04,1.0325,1.0375,1.03,0.38,1.035
1,1.07,1.0575,1.05,1.0425,1.04,1.0325,1.0375,1.03,0.385,1.035
1,1.07,1.0575,1.05,1.0425,1.04,1.0325,1.0375,1.03,0.39,0.115
1,1.07,1.0575,1.05,1.0425,1.04,1.0325,1.0375,1.03,0.39,1.035
1,1.07,1.0575,1.05,1.0425,1.04,1.0325,1.0375,1.03,0.395,1.035
1,1.07,1.0575,1.05,1.0425,1.04,1.0325,1.0375,1.03,0.415,1.035
1,1.07,1.0575,1.05,1.0425,1.04,1.0325,1.0375,1.03,0.42,1.035
2,1.07,1.0575,1.05,1.0425,1.04,1.0325,1.0375,1.03,0.435,1.035
1,1.07,1.0575,1.05,1.0425,1.04,1.0325,1.0375,1.03,0.445,1.035
1,1.07,1.0575,1.05,1.0425,1.04,1.0325,1.0375,1.03,0.45,1.035
1,1.07,1.0575,1.05,1.0425,1.04,1.0325,1.0375,1.03,0.46,1.035
1,1.07,1.0575,1.05,1.0425,1.04,1.0325,1.0375,1.03,0.465,1.035
1,1.07,1.0575,1.05,1.0425,1.04,1.0325,1.0375,1.03,0.475,1.035
2,1.07,1.0575,1.05,1.0425,1.04,1.0325,1.0375,1.03,0.48,1.035
3,1.07,1.0575,1.05,1.0425,1.04,1.0325,1.0375,1.03,0.485,1.035
1,1.07,1.0575,1.05,1.0425,1.04,1.0325,1.0375,1.03,0.49,1.035
3,1.07,1.0575,1.05,1.0425,1.04,1.0325,1.0375,1.03,0.495,1.035
2,1.07,1.0575,1.05,1.0425,1.04,1.0325,1.0375,1.03,0.5,1.035
1,1.07,1.0575,1.05,1.0425,1.04,1.0325,1.0375,1.03,0.505,1.035
1,1.07,1.0575,1.05,1.0425,1.04,1.0325,1.0375,1.03,0.51,1.035
2,1.07,1.0575,1.05,1.0425,1.04,1.0325,1.0375,1.03,0.515,1.035
1,1.07,1.0575,1.05,1.0425,1.04,1.0325,1.0375,1.03,0.525,1.035
1,1.07,1.0575,1.05,1.0425,1.04,1.0325,1.0375,1.03,0.545,1.035
1,1.07,1.0575,1.05,1.0425,1.04,1.0325,1.0375,1.03,0.565,1.035
2,1.07,1.0575,1.05,1.0425,1.04,1.0325,1.0375,1.03,0.575,1.035
1,1.07,1.0575,1.05,1.0425,1.04,1.0325,1.0375,1.03,0.59,1.035
2,1.07,1.0575,1.05,1.0425,1.04,1.0325,1.0375,1.03,0.595,1.035
1,1.07,1.0575,1.05,1.0425,1.04,1.0325,1.0375,1.03,0.6,1.035
1,1.07,1.0575,1.05,1.0425,1.04,1.0325,1.0375,1.03,0.625,1.035
1,1.07,1.0575,1.05,1.0425,1.04,1.0325,1.0375,1.03,0.63,1.035
2,1.07,1.0575,1.05,1.0425,1.04,1.0325,1.0375,1.03,0.645,1.035
3,1.07,1.0575,1.05,1.0425,1.04,1.0325,1.0375,1.03,0.655,1.035
2,1.07,1.0575,1.05,1.0425,1.04,1.0325,1.0375,1.03,0.66,1.035
2,1.07,1.0575,1.05,1.0425,1.04,1.0325,1.0375,1.03,0.665,1.035
1,1.07,1.0575,1.05,1.0425,1.04,1.0325,1.0375,1.03,0.68,1.035
1,1.07,1.0575,1.05,1.0425,1.04,1.0325,1.0375,1.03,0.7,1.035
2,1.07,1.0575,1.05,1.0425,1.04,1.0325,1.0375,1.03,0.705,1.035
1,1.07,1.0575,1.05,1.0425,1.04,1.0325,1.0375,1.03,0.71,1.035
1,1.07,1.0575,1.05,1.0425,1.04,1.0325,1.0375,1.03,0.715,1.035
3,1.07,1.0575,1.05,1.0425,1.04,1.0325,1.0375,1.03,0.72,1.035
4,1.07,1.0575,1.05,1.0425,1.04,1.0325,1.0375,1.03,0.725,1.035
1,1.07,1.0575,1.05,1.0425,1.04,1.0325,1.0375,1.03,0.735,1.035
3,1.07,1.0575,1.05,1.0425,1.04,1.0325,1.0375,1.03,0.75,1.035
2,1.07,1.0575,1.05,1.0425,1.04,1.0325,1.0375,1.03,0.755,1.035
1,1.07,1.0575,1.05,1.0425,1.04,1.0325,1.0375,1.03,0.76,1.035
1,1.07,1.0575,1.05,1.0425,1.04,1.0325,1.0375,1.03,0.78,0.265
2,1.07,1.0575,1.05,1.0425,1.04,1.0325,1.0375,1.03,0.78,1.035
1,1.07,1.0575,1.05,1.0425,1.04,1.0325,1.0375,1.03,0.795,1.035
1,1.07,1.0575,1.05,1.0425,1.04,1.0325,1.0375,1.03,0.8,1.035
1,1.07,1.0575,1.05,1.0425,1.04,1.0325,1.0375,1.03,0.805,1.035
2,1.07,1.0575,1.05,1.0425,1.04,1.0325,1.0375,1.03,0.825,1.035
1,1.07,1.0575,1.05,1.0425,1.04,1.0325,1.0375,1.03,0.835,1.035
1,1.07,1.0575,1.05,1.0425,1.04,1.0325,1.0375,1.03,0.85,1.035
1,1.07,1.0575,1.05,1.0425,1.04,1.0325,1.0375,1.03,0.855,1.035
1,1.07,1.0575,1.05,1.0425,1.04,1.0325,1.0375,1.03,0.86,1.035
1,1.07,1.0575,1.05,1.0425,1.04,1.0325,1.0375,1.03,0.865,1.035
1,1.07,1.0575,1.05,1.0425,1.04,1.0325,1.0375,1.03,0.89,1.035
1,1.07,1.0575,1.05,1.0425,1.04,1.0325,1.0375,1.03,0.905,1.035
1,1.07,1.0575,1.05,1.0425,1.04,1.0325,1.0375,1.03,0.91,1.035
3,1.07,1.0575,1.05,1.0425,1.04,1.0325,1.0375,1.03,0.925,1.035
1,1.07,1.0575,1.05,1.0425,1.04,1.0325,1.0375,1.03,0.94,1.035
3,1.07,1.0575,1.05,1.0425,1.04,1.0325,1.0375,1.03,0.96,1.035
4,1.07,1.0575,1.05,1.0425,1.04,1.0325,1.0375,1.03,0.965,1.035
1,1.07,1.0575,1.05,1.0425,1.04,1.0325,1.0375,1.03,0.97,1.035
1,1.07,1.0575,1.05,1.0425,1.04,1.0325,1.0375,1.03,0.975,1.035
1,1.07,1.0575,1.05,1.0425,1.04,1.0325,1.0375,1.03,0.98,1.035
1,1.07,1.0575,1.05,1.0425,1.04,1.0325,1.0375,1.03,0.985,1.035
1,1.07,1.0575,1.05,1.0425,1.04,1.0325,1.0375,1.03,1,1.035
2,1.07,1.0575,1.05,1.0425,1.04,1.0325,1.0375,1.03,1.005,1.035
2,1.07,1.0575,1.05,1.0425,1.04,1.0325,1.0375,1.03,1.01,1.035
1,1.07,1.0575,1.05,1.0425,1.04,1.0325,1.0375,1.03,1.03,1.035
1,1.07,1.0575,1.05,1.0425,1.04,1.0325,1.0375,1.03,1.035,1.035
1,1.07,1.0575,1.05,1.0425,1.04,1.0325,1.0375,1.03,1.04,1.035
1,1.07,1.0575,1.05,1.0425,1.04,1.0325,1.0375,1.03,1.05,1.035
2,1.07,1.0575,1.05,1.0425,1.04,1.0325,1.0375,1.03,1.055,1.035
108,1.07,1.0575,1.05,1.0425,1.04,1.0325,1.0375,1.03,1.06,0.035
1,1.07,1.0575,1.05,1.0425,1.04,1.0325,1.0375,1.03,1.06,0.045
2,1.07,1.0575,1.05,1.0425,1.04,1.0325,1.0375,1.03,1.06,0.055
1,1.07,1.0575,1.05,1.0425,1.04,1.0325,1.0375,1.03,1.06,0.065
1,1.07,1.0575,1.05,1.0425,1.04,1.0325,1.0375,1.03,1.06,0.095
2,1.07,1.0575,1.05,1.0425,1.04,1.0325,1.0375,1.03,1.06,0.125
1,1.07,1.0575,1.05,1.0425,1.04,1.0325,1.0375,1.03,1.06,0.135
4,1.07,1.0575,1.05,1.0425,1.04,1.0325,1.0375,1.03,1.06,0.145
1,1.07,1.0575,1.05,1.0425,1.04,1.0325,1.0375,1.03,1.06,0.155
3,1.07,1.0575,1.05,1.0425,1.04,1.0325,1.0375,1.03,1.06,0.185
2,1.07,1.0575,1.05,1.0425,1.04,1.0325,1.0375,1.03,1.06,0.195
1,1.07,1.0575,1.05,1.0425,1.04,1.0325,1.0375,1.03,1.06,0.205
1,1.07,1.0575,1.05,1.0425,1.04,1.0325,1.0375,1.03,1.06,0.225
1,1.07,1.0575,1.05,1.0425,1.04,1.0325,1.0375,1.03,1.06,0.235
1,1.07,1.0575,1.05,1.0425,1.04,1.0325,1.0375,1.03,1.06,0.255
1,1.07,1.0575,1.05,1.0425,1.04,1.0325,1.0375,1.03,1.06,0.275
1,1.07,1.0575,1.05,1.0425,1.04,1.0325,1.0375,1.03,1.06,0.285
2,1.07,1.0575,1.05,1.0425,1.04,1.0325,1.0375,1.03,1.06,0.295
1,1.07,1.0575,1.05,1.0425,1.04,1.0325,1.0375,1.03,1.06,0.305
1,1.07,1.0575,1.05,1.0425,1.04,1.0325,1.0375,1.03,1.06,0.365
1,1.07,1.0575,1.05,1.0425,1.04,1.0325,1.0375,1.03,1.06,0.375
1,1.07,1.0575,1.05,1.0425,1.04,1.0325,1.0375,1.03,1.06,0.395
1,1.07,1.0575,1.05,1.0425,1.04,1.0325,1.0375,1.03,1.06,0.415
1,1.07,1.0575,1.05,1.0425,1.04,1.0325,1.0375,1.03,1.06,0.435
1,1.07,1.0575,1.05,1.0425,1.04,1.0325,1.0375,1.03,1.06,0.445
1,1.07,1.0575,1.05,1.0425,1.04,1.0325,1.0375,1.03,1.06,0.455
2,1.07,1.0575,1.05,1.0425,1.04,1.0325,1.0375,1.03,1.06,0.475
1,1.07,1.0575,1.05,1.0425,1.04,1.0325,1.0375,1.03,1.06,0.485
2,1.07,1.0575,1.05,1.0425,1.04,1.0325,1.0375,1.03,1.06,0.495
1,1.07,1.0575,1.05,1.0425,1.04,1.0325,1.0375,1.03,1.06,0.525
1,1.07,1.0575,1.05,1.0425,1.04,1.0325,1.0375,1.03,1.06,0.535
1,1.07,1.0575,1.05,1.0425,1.04,1.0325,1.0375,1.03,1.06,0.555
1,1.07,1.0575,1.05,1.0425,1.04,1.0325,1.0375,1.03,1.06,0.565
1,1.07,1.0575,1.05,1.0425,1.04,1.0325,1.0375,1.03,1.06,0.605
1,1.07,1.0575,1.05,1.0425,1.04,1.0325,1.0375,1.03,1.06,0.625
1,1.07,1.0575,1.05,1.0425,1.04,1.0325,1.0375,1.03,1.06,0.635
3,1.07,1.0575,1.05,1.0425,1.04,1.0325,1.0375,1.03,1.06,0.645
1,1.07,1.0575,1.05,1.0425,1.04,1.0325,1.0375,1.03,1.06,0.655
1,1.07,1.0575,1.05,1.0425,1.04,1.0325,1.0375,1.03,1.06,0.665
2,1.07,1.0575,1.05,1.0425,1.04,1.0325,1.0375,1.03,1.06,0.685
1,1.07,1.0575,1.05,1.0425,1.04,1.0325,1.0375,1.03,1.06,0.705
1,1.07,1.0575,1.05,1.0425,1.04,1.0325,1.0375,1.03,1.06,0.715
1,1.07,1.0575,1.05,1.0425,1.04,1.0325,1.0375,1.03,1.06,0.725
1,1.07,1.0575,1.05,1.0425,1.04,1.0325,1.0375,1.03,1.06,0.745
2,1.07,1.0575,1.05,1.0425,1.04,1.0325,1.0375,1.03,1.06,0.755
1,1.07,1.0575,1.05,1.0425,1.04,1.0325,1.0375,1.03,1.06,0.765
1,1.07,1.0575,1.05,1.0425,1.04,1.0325,1.0375,1.03,1.06,0.785
2,1.07,1.0575,1.05,1.0425,1.04,1.0325,1.0375,1.03,1.06,0.835
1,1.07,1.0575,1.05,1.0425,1.04,1.0325,1.0375,1.03,1.06,0.845
1,1.07,1.0575,1.05,1.0425,1.04,1.0325,1.0375,1.03,1.06,0.855
1,1.07,1.0575,1.05,1.0425,1.04,1.0325,1.0375,1.03,1.06,0.865
2,1.07,1.0575,1.05,1.0425,1.04,1.0325,1.0375,1.03,1.06,0.875
2,1.07,1.0575,1.05,1.0425,1.04,1.0325,1.0375,1.03,1.06,0.905
1,1.07,1.0575,1.05,1.0425,1.04,1.0325,1.0375,1.03,1.06,0.915
1,1.07,1.0575,1.05,1.0425,1.04,1.0325,1.0375,1.03,1.06,0.925
1,1.07,1.0575,1.05,1.0425,1.04,1.0325,1.0375,1.03,1.06,0.955
1,1.07,1.0575,1.05,1.0425,1.04,1.0325,1.0375,1.03,1.06,0.965
1,1.07,1.0575,1.05,1.0425,1.04,1.0325,1.0375,1.03,1.06,0.975
1,1.07,1.0575,1.05,1.0425,1.04,1.0325,1.0375,1.03,1.06,0.985
1,1.07,1.0575,1.05,1.0425,1.04,1.0325,1.0375,1.03,1.06,1.015
2,1.07,1.0575,1.05,1.0425,1.04,1.0325,1.0375,1.03,1.06,1.025
7426,1.07,1.0575,1.05,1.0425,1.04,1.0325,1.0375,1.03,1.06,1.035